common_misp,correct
กงศุล,กงสุล
กงกำกงเกวียน,กงเกวียนกำเกวียน
กฏ,กฎ
"กบฎ, กบถ",กบฏ
"กะบาล, -บาน","กบาล, กระบาล"
กรกฏาคม,กรกฎาคม
กรรมกรณ์,กรรมกร
กรรมกร,กรรมกรณ์
"กระตือรือล้น, กะตือรือล้น, กะตือลือล้น",กระตือรือร้น
"กะเพาะ, กะเพราะ, กระเพราะ",กระเพาะ
กิริยา,กริยา
"กรีธา, กรีทา",กรีฑา
กรีฑาทัพ,กรีธาทัพ
"กลยุทธ, กลยุทธิ, กลยุทธิ์",กลยุทธ์
กลางครัน,กลางคัน
กลิ่นไอ,กลิ่นอาย
กลิ้งฑูตล้มขรณ์,กลิ้งทูตล้มขร
กลิ้งฑูตล้มขอน,กลิ้งทูตล้มขร
กล้องโทรทัศน์,กล้องโทรทรรศน์
ก๋วยจั๊บ,กวยจั๊บ
กสิน,กสิณ
"กอป, กอปร์",กอปร
"กลอฟ, กอลฟ์, ก็อลฟ์, ก็อล์ฟ, ก๊อลฟ์, ก๊อล์ฟ",กอล์ฟ
กระทันหัน,กะทันหัน
กระทิ,กะทิ
กระบังลม,กะบังลม
กระปิ,กะปิ
กระพง,กะพง
กระพริบ,กะพริบ
กระพรุน,กะพรุน
กาละมัง,กะละมัง
"กาละแม, กาลาแม, กาละแมร์",กะละแม
กลาสี,กะลาสี
กระล่อน,กะล่อน
กระหรี่,กะหรี่
กระหล่ำ,กะหล่ำ
กระเทย,กะเทย
กระเทาะ,กะเทาะ
"กะเพา, กระเพา, กระเพรา",กะเพรา
กระเหรี่ยง,กะเหรี่ยง
กระโหลก,กะโหลก
กังวาล,กังวาน
กาละเทศะ,กาลเทศะ
กาฬเวลา,กาลเวลา
กำเหน็ด,กำเหน็จ
"กิติมศักดิ์, เกียรติมศักดิ์",กิตติมศักดิ์
กินนะรี,กินรี
กินนรี,กินรี
กริยา,กิริยา
"กุฎ, กุฎิ","กุฎี, กุฏิ"
กเลวราก,กเฬวราก
ก้อ,ก็
ก๊วยเตี๋ยว,ก๋วยเตี๋ยว
เกมส์,เกม
เกร็ดเลือด,เกล็ดเลือด
"เกษียน, เกษียร",เกษียณ
เกษร,เกสร
เก๊าท์,เกาต์
เกียรติ์,เกียรติ
แกงขั่ว,แกงคั่ว
แกงบวช,แกงบวด
แกงบวช,แกงบวด
"แกน, แกรน",แกร็น
"แก๊งค์, แก๊งก์",แก๊ง
ไกล้,ใกล้
ขบฏ,ขบถ
ขวาญ,ขวาน
ขออนุญาติ,ขออนุญาต
ขมักเขม้น,ขะมักเขม้น
ขัดคล่อง,ขัดข้อง
ขาดดุลย์,ขาดดุล
"ขี้เกลียด, ขี้เกียด",ขี้เกียจ
"ขี้เกรียจ, ขี้เกียด, ขี้เกลียด",ขี้เกียจ
โขมย,ขโมย
ข้าราชกาล,ข้าราชการ
ข้ารัชการ,ข้าราชการ
ข้าวเหนียวมูล,ข้าวเหนียวมูน
เขิล,เขิน
"ขะโยกขะเยก, ขะโหยกขะเหยก",โขยกเขยก
"ไข่มุกด์, ไข่มุข",ไข่มุก
"คฑา, คธา",คทา
ฅน,คน
ครรลัย,ครรไล
ครองราช,ครองราชย์
คริสต์กาล,คริสตกาล
คริสต์จักร,คริสตจักร
คริสตทศวรรษ,คริสต์ทศวรรษ
คริสตมาส,คริสต์มาส
คริสตศตวรรษ,คริสต์ศตวรรษ
คริสตศักราช,คริสต์ศักราช
คริสตศาสนา,คริสต์ศาสนา
คริสตศาสนิกชน,คริสต์ศาสนิกชน
ครุท,ครุฑ
คุรุภัณฑ์,ครุภัณฑ์
คุรุศาสตร์,ครุศาสตร์
คฤหาสถ์,คฤหาสน์
"คลิ้ก, คลิ๊ก",คลิก
"คลีนิก, คลินิค",คลินิก
คลิบ,คลิป
คริป,คลิป
ครอส,คอร์ส
คอลัมม์,คอลัมน์
ค๊ะ,คะ
คนอง,คะนอง
คนึง,คะนึง
"คะหมำ, คะม่ำ",คะมำ
เคารวะ,คารวะ
"คาร์ฟ, คราฟ, คาร์พ, คราพ",คาร์ป
คำดุษฎี,คำ สดุดี
คำนวน,คำนวณ
"คุ้กกี้, คุ๊กกี้",คุกกี้
ครุศึกษา,คุรุศึกษา
ฆ้อน,ค้อน
เครือเถาว์,เครือเถา
เครือเถาย์,เครือเถา
เครื่องลาง,เครื่องราง
เครื่องสำอางค์,เครื่องสำอาง
"เค็ก, เค๊ก",เค้ก
"แคะแกน, แคะแกรน, แคระแกน, แคระแกรน",แคระแกร็น
แครอท,แคร์รอต
"แคตตาล็อก, แคตาล็อก",แค็ตตาล็อก
"โครต, โคต, โคด",โคตร
โครงการณ์,โครงการ
โควต้า,โควตา
โควิท,โควิด
โข่ง,โค่ง
"ฆรวาส, ฆารวาส, -วาท",ฆราวาส
ฆาตรกร,ฆาตกร
ฆาตรกรรม,ฆาตกรรม
เคี่ยน,เฆี่ยน
เคี่ยนตี,เฆี่ยนตี
งบดุลย์,งบดุล
งอล,งอน
"งูสวัส, งูสวัสดิ์",งูสวัด
ง้องแง้ง,ง่องแง่ง
โง่เหง้า,โง่เง่า
จงกลม,จงกรม
จรเข้,จระเข้
จลศาสตร์,จลนศาสตร์
จราจล,จลาจล
จงอย,จะงอย
จะ ๆ,จะจะ
"จาละเม็ด, จาระเม็ด, จรเม็ด, จระเม็ด",จะละเม็ด
จั๊กจั่น,จักจั่น
จักร์,จักร
จักรพรรดิ์,จักรพรรดิ
จักรวรรดิ์,จักรวรรดิ
จักรสาน,จักสาน
จารบี,จาระบี
จารไน,จาระไน
จำนงค์,จำนง
"จินตะนาการ, จินตรนาการ",จินตนาการ
จุดใต้,จุดไต้
จุฬาลงกรณมหาวิทยาลัย,จุฬาลงกรณ์มหาวิทยาลัย
เจตจำนงค์,เจตจำนง
เจียรไน,เจียระไน
โจทย์,โจทก์
จัย,ใจ
ฉะบับ,ฉบับ
ฉนั้น,ฉะนั้น
ฉนี้,ฉะนี้
ฉันท์,ฉัน
ฉัน,ฉันท์
"ฉะเพาะ, ฉเพาะ",เฉพาะ
ฉไน,ไฉน
ชมภู,ชมพู
ชมภู่,ชมพู่
ช็อปปิ้ง,ชอปปิง
ช้อปปิ้ง,ชอปปิง
ชนี,ชะนี
ชมด,ชะมด
ชรอย,ชะรอย
ชลอ,ชะลอ
ชักกะเยอ,ชักกะเย่อ
ชัชวาลย์,ชัชวาล
ชีพตักษัย,ชีพิตักษัย
ชีวะประวัติ,ชีวประวัติ
ทรวดเซ,ซวดเซ
ซอฟท์แวร์,ซอฟต์แวร์
ซัพพลาย,ซัปพลาย
ทราบซึ้ง,ซาบซึ้ง
"ทราบซ่าน, -ส้าน",ซาบซ่าน
"ซาละเปา, ซะละเปา",ซาลาเปา
"ซาวด์เสียง, ซาวน์เสียง, ซาวนด์เสียง",ซาวเสียง
"ซีเม็นต์, ซีเมนท์, ซีเม็นท์, ซีเม็น",ซีเมนต์
ซึ่งใจ,ซึ้งใจ
"สุ่ม, สุ้ม",ซุ่ม
สุ้ม,ซุ้ม
ส้องเสพ,ซ่องเสพ
เซ็นติเมตร,เซนติเมตร
เซ็นต์ชื่อ,เซ็นชื่อ
แซบ,แซ่บ
ไซร้ขน,ไซ้ขน
ฌาณ,ฌาน
ฌาปณกิจ,ฌาปนกิจ
กะเฌอ,เฌอ
ญวณ,ญวน
ญัติ,ญัตติ
ญาน,ญาณ
ญาต,ญาติ
ยี่ปุ่น,ญี่ปุ่น
ฏีกา,ฎีกา
ฐากูน,ฐากูร
ฐาณ,ฐาน
ฐานกร,ฐานกรณ์
ฐานบัท,ฐานบัทม์
ฐานเชิงบาท,ฐานเชิงบาตร
ณ.,ณ
"ดอกจันท์, ดอกจันทน์, ดอกจันทร์",ดอกจัน
"ดอกจัน, ดอกจันท์, ดอกจันทร์",ดอกจันทน์
"ดอกไม้จัน, ดอกไม้จันท์, ดอกไม้จันทร์",ดอกไม้จันทน์
"ดัชต์, ดัชท์, ดัทช์",ดัตช์
ดาวโหลด,ดาวน์โหลด
ดำรงค์,ดำรง
"ดำหริ, ดำริห์",ดำริ
ดินทะลาย,ดินทลาย
ดุลย์,ดุล
โดยดุษฎี,ดุษณี
เดินเหิร,เดินเหิน
"แดรก, แด่ก, แดร่ก, แด๊ก",แดก
ตะหงิด,ตงิด
ตรรกกะ,"ตรรกะ, ตรรก-"
ตราสังข์,ตราสัง
ตรึงตา,ตรึงตรา
ตระกร้า,ตะกร้า
ตาราง,ตะราง
ตระโกน,ตะโกน
ตาลขโมย,ตานขโมย
ตะราง,ตาราง
ตาลปัต,ตาลปัตร
ตำหรับ,ตำรับ
ต้มโคร้ง,ต้มโคล้ง
ไต้,ใต้
ไต้เท้า,ใต้เท้า
ไตรยางค์,ไตรยางศ์
ไตร่สวน,ไต่สวน
ใต้,ไต้
ใต้ก๋ง,ไต้ก๋ง
ใต้ฝุ่น,ไต้ฝุ่น
ใต้หวัน,ไต้หวัน
ถนนราดยาง,ถนนลาดยาง
ถล่มทะลาย,ถล่มทลาย
ถั่วพลู,ถั่วพู
ถ่วงดุลย์,ถ่วงดุล
ถเลถไหล,เถลไถล
เถาว์,เถา
ถ่ายตัว,ไถ่ตัว
ทะยอย,ทยอย
ทรงกรด,ทรงกลด
ทรมานทรกรรม,ทรมาทรกรรม
ทรมาร,ทรมาน
ทรราชย์,ทรราช
"ทรนง, ทนง","ทระนง, ทะนง"
ทะลาย,ทลาย
ทวิสเตอร์,ทวิตเตอร์
ทศกัณฑ์,ทศกัณฐ์
ทอมซิน,ทอนซิล
ทนุถนอม,ทะนุถนอม
ทนุบำรุง,"ทะนุบำรุง, ทำนุบำรุง"
ทยาน,ทะยาน
ทลาย,ทะลาย
ทลายมะพร้าว,ทะลายมะพร้าว
ทะเลสาป,ทะเลสาบ
ฑัณฑ์,ทัณฑ์
ทารุน,ทารุณ
ฑีฆายุโก,ทีฆายุโก
"ทุกขกิริยา, ทุกขรกิริยา",ทุกรกิริยา
ทุกข์คติ,ทุคติ
ทุพลภาพ,ทุพพลภาพ
ทุภิกขภัย,ทุพภิกขภัย
"ทุรกันดาน, ทุรกันดาล",ทุรกันดาร
ทุจศีล,ทุศีล
ฑูต,ทูต
ทูลหัว,ทูนหัว
ทูนกระหม่อม,ทูลกระหม่อม
"ทะแยง, แทยง",ทแยง
"ทะโมน, โทมน",ทโมน
เทพพนม,เทพนม
เทิญ,เทอญ
"เทิม, เทิร์ม",เทอม
เทอด,เทิด
เทิดทูล,เทิดทูน
"เทเวศ, เทเวศน์",เทเวศร์
เท่ห์,เท่
ท้าวความ,เท้าความ
แซกแซง,แทรกแซง
แท๊กซี่,แท็กซี่
โทรทรรศน์,โทรทัศน์
โทรศัพย์,โทรศัพท์
ธนาบัตร,ธนบัตร
"ธนานัติ, ธนาณัต",ธนาณัติ
ทำเนียม,ธรรมเนียม
ธัญญพืช,ธัญพืช
"ธำมรง, ทำมะรงค์",ธำมรงค์
ธำรงค์,ธำรง
ธุระกิจ,ธุรกิจ
นพปดล,นพปฎล
นพดล,นภดล
นวตกรรม,นวัตกรรม
"น็อต, น๊อต",นอต
น๊ะ,นะ
"นะค่ะ, นะค๊ะ",นะคะ
สันทนาการ,นันทนาการ
นัยยะ,นัย
นัยตา,นัยน์ตา
นาฑี,นาที
นานับประการ,นานัปการ
นา ๆ,นานา
นิจสิน,นิจศีล
"นิมิตร, นิรมิตร",นิมิต
นิรันด์,นิรันดร์
"นิเทศน์, นิเทส",นิเทศ
นิเวศน์วิทยา,นิเวศวิทยา
หน้า,น่า
หน้าจดจำ,น่าจดจำ
น้ำจัน,น้ำจัณฑ์
"น้ำมันก๊าซ, -ก๊าส",น้ำมันก๊าด
น้ำแข็งใส,น้ำแข็งไส
เนรมิตร,เนรมิต
เนืองนิจ,เนืองนิตย์
หนาแน่น,แน่นหนา
"โน๊ต, โน้ท, โน๊ท",โน้ต
นายหลวง,ในหลวง
บันทัด,บรรทัด
บันทุก,บรรทุก
บันลุ,บรรลุ
บันเลง,บรรเลง
บะหรั่นดี,บรั่นดี
"บริสุทธ, บริสุทธิ",บริสุทธิ์
"บล็อค, บล๊อก",บล็อก
"บรเพ็ด, บอระเพชร",บอระเพ็ด
บังสกุล,บังสุกุล
บังเอิน,บังเอิญ
บัญญัติไตรยางค์,บัญญัติไตรยางศ์
บัตรสนเท่,บัตรสนเท่ห์
บรรดาล,บันดาล
บรรดาร,บันดาล
บรรลือ,บันลือ
บรรเทิง,บันเทิง
บรรได,บันได
บางลำภู,บางลำพู
"บาททะยัก, บาดทยัก",บาดทะยัก
บาต,บาตร
บาทบงส์,บาทบงสุ์
บาดหลวง,บาทหลวง
บำเน็จ,บำเหน็จ
"บิณฑบาตร, บิณฑบาท",บิณฑบาต
บิดพริ้ว,บิดพลิ้ว
บุคล,บุคคล
บุคคลากร,บุคลากร
บุคคลิกภาพ,บุคลิกภาพ
บุปผาชาติ,บุปผชาติ
บุษราคำ,บุษราคัม
บูชายันต์,บูชายัญ
บูรณะปฏิสังขรณ์,บูรณปฏิสังขรณ์
"บ่วงบาศก์, บ่วงบาต, บ่วงบาท",บ่วงบาศ
เบญจเพศ,เบญจเพส
"เบ็นซิน, เบนซิล",เบนซิน
เบรค,เบรก
โบว์,โบ
โปชัว,โบรชัวร์
โบว์ชัว,โบรชัวร์
ปฏิกริยา,ปฏิกิริยา
ปติทิน,ปฏิทิน
ประติพัทธ์,ปฏิพัทธ์
ปฏิสังขร,ปฏิสังขรณ์
"ปฏิสัณฐาน, ปฏิสันถาน",ปฏิสันถาร
ปฏิสันฐาน,ปฏิสันถาร
ปฏิสันภาร,ปฏิสันถาร
ปฎิสัมพันธ์,ปฏิสัมพันธ์
"ปฐมนิเทศก์, ปฐมนิเทศน์",ปฐมนิเทศ
"ปนิธาน, ประนิธาน","ปณิธาน, ประณิธาน"
ปรณนิบัติ,ปรนนิบัติ
ปรมณู,ปรมาณู
ปองดอง,ปรองดอง
ประกายพฤกษ์,ประกายพรึก
ประกาศณียบัตร,ประกาศนียบัตร
ประกาษิต,ประกาศิต
"ประจันบาน, ประจันบาล, ประจัญบาล",ประจัญบาน
ประจัญหน้า,ประจันหน้า
ประจัญห้อง,ประจันห้อง
ประจำการณ์,ประจำการ
ประนต,ประณต
ประนม,ประณม
ประนาม,ประณาม
"ปราณีต, ประนีต",ประณีต
ประดิษฐ์ประดอย,ประดิดประดอย
ประณีประณอม,ประนีประนอม
ประมาน,ประมาณ
ประสพการณ์,ประสบการณ์
"ประสพผลสำเร็จ, ประสพความสำเร็จ","ประสบผลสำเร็จ, ประสบความสำเร็จ"
"ประสูต, ประสูตร",ประสูติ
ประสูติกาล,ประสูติการ
ประสูติการ,ประสูติกาล
"ปะหลาด, ปลาด",ประหลาด
"ประหัดประหาร, ประหัตถ์ประหาร",ประหัตประหาร
ประหาร,"ประหาณ, ปหาน"
"ประหาณ, -หาน, ปะ-","ประหาร, ปหาร"
ประเมิณ,ประเมิน
"ปรำปรา, ปะรำปะรา",ปรัมปรา
ปรัศนีย์,ปรัศนี
ปรากฎ,ปรากฏ
ปรานี,ปราณี
ปราณี,ปรานี
ปราณีปราศัย,ปรานีปราศรัย
ปราถนา,ปรารถนา
ปราศจาค,ปราศจาก
ปล้นสดมภ์,ปล้นสะดม
ปวารนา,ปวารณา
ประติดประต่อ,ปะติดปะต่อ
ประทะ,ปะทะ
"ปแล่ม, แปล่ม",ปะแล่ม
ปักษิณ,ปักษิน
ปางสดุ้งมาร,ปางสะดุ้งมาร
"ปาฏิหาร, ปาฏิหารย์",ปาฏิหาริย์
ปาฏิโมกข์,ปาติโมกข์
ปาริชาติ,ปาริชาต
ปิคนิค,ปิกนิก
ปุโลหิต,ปุโรหิต
เปรมปรีด์,เปรมปรีดิ์
เปรมปรีย์,เปรมปรีดิ์
เปรมปรี,เปรมปรีดิ์
เปอร์เซนต์,เปอร์เซ็นต์
เป๋อเล๋อ,เป๋อเหลอ
โปรเจค,โปรเจกต์
โปรเจ็ค,โปรเจกต์
ผะดุง,ผดุง
ผรุสวาส,ผรุสวาท
ผลลัพท์,ผลลัพธ์
ผัดผ้า,ผลัดผ้า
ผัดเปลี่ยน,ผลัดเปลี่ยน
ผัดเวร,ผลัดเวร
ผลานิสงฆ์,ผลานิสงส์
ผลอย,ผล็อย
ผะอบ,ผอบ
ผลัดผ่อน,ผัดผ่อน
ผลัดวันประกันพรุ่ง,ผัดวันประกันพรุ่ง
ผลัดหนี้,ผัดหนี้
ผัดไท,ผัดไทย
ผาสุข,ผาสุก
ผีซ้ำด้ามพลอย,ผีซ้ำด้ำพลอย
ผลุดลุกผลุดนั่ง,ผุดลุกผุดนั่ง
ผูกพันธ์,ผูกพัน
ผูกพันธุ์,ผูกพัน
ผู้เยา,ผู้เยาว์
เผอไผ,เผลอไผล
"ผเอิญ, ผะเอิญ",เผอิญ
เผลอเรอ,เผอเรอ
เผ่าพัน,เผ่าพันธุ์
แผนการณ์,แผนการ
แผงฤทธิ์,แผลงฤทธิ์
"แผ่ส้าน, แผ่ซ้าน",แผ่ซ่าน
"ผไท, ผะไท",ไผท
ฝรั่งเศษ,ฝรั่งเศส
"ฝักใฝ่, ฝักไฝ่",ฝักฝ่าย
"ฝักฝ่าย, ฝักไฝ่",ฝักใฝ่
ฝากครร,ฝากครรภ์
ฝีดาด,ฝีดาษ
"ฝึกปือ, ฝึกปลือ",ฝึกปรือ
ไฝ่ฝัน,ใฝ่ฝัน
ใฝ,ไฝ
"พงพันธุ์, พงษ์พันธุ์",พงศ์พันธุ์
พจณานุกรม,พจนานุกรม
พะยัก,พยัก
"พะยักพะเยิด, พยักเพยิด",พยักพเยิด
"พยัค, พยัฆ",พยัคฆ์
พะยาน,พยาน
"พญาบาท, พยาบาตร",พยาบาท
พะยุง,พยุง
พรรณา,พรรณนา
พรมจรรย์,พรหมจรรย์
"พราห์มณ์, พรามณ์",พราหมณ์
พร่ำพรอด,พร่ำพลอด
พฤษจิกายน,พฤศจิกายน
พฤศภาคม,พฤษภาคม
พละศึกษา,พลศึกษา
พลกำลัง,พละกำลัง
พลาสติค,พลาสติก
พร่ามัว,พล่ามัว
พ่ามัว,พล่ามัว
พหูสูตร,พหูสูต
พยอม,พะยอม
พวักพวน,พะวักพะวน
"พแนง, แพนง",พะแนง
พังทะลาย,พังทลาย
พันธุ์ทาง,พันทาง
พัสดี,พัศดี
พัศดุ,พัสดุ
พากษ์,พากย์
"พานิชย์, พานิชย, พนิชย์ พานิช, พนิช","พาณิชย์ , พาณิชย , พณิชย์ พาณิช , พณิช"
พาลจะเป็นลม,พานจะเป็นลม
"พาหุรัต, พาหุรัตน์",พาหุรัด
พิณภาทย์,พิณพาทย์
พิธีรีตรอง,พิธีรีตอง
พิบูลย์,พิบูล
พิพิทธภัณฑ์,พิพิธภัณฑ์
พิราป,พิราบ
พิราป,พิลาป
พิสวง,พิศวง
พิสวาส,พิศวาส
พิศดาร,พิสดาร
พิศมัย,พิสมัย
พึมพัม,พึมพำ
พุดตาล,พุดตาน
พุทธชาติ,พุทธชาด
ภู่กัน,พู่กัน
ภู่ระหง,พู่ระหง
"พะเยีย, เพยีย",พเยีย
"พณฯ, ฯพณ, พณ",ฯพณฯ
"เพชรฆาต, เพ็ชรฆาต",เพชฌฆาต
เพ็ชร,เพชร
"พเนียด, พะเนียด",เพนียด
เพริดพริ้ง,เพริศพริ้ง
เพศสัมพันธุ์,เพศสัมพันธ์
เพิ่มพูล,เพิ่มพูน
เพรียบพร้อม,เพียบพร้อม
แพทย์ศาสตร์,แพทยศาสตร์
โพชงค์,โพชฌงค์
โพธิ์ดำ,โพดำ
โพธิ์ทะเล,โพทะเล
โพนทนา,โพนทะนา
พโยม,โพยม
โพรดก,โพระดก
โพศพ,โพสพ
โพธิ์แดง,โพแดง
ไพทูรย์,ไพฑูรย์
ฟังก์ชั่น,ฟังก์ชัน
"ฟันครุฑ, ฟันครุท",ฟันคุด
ฝั้น,ฟั่น
"ฟาธอม, แฟทอม, แฟธอม",ฟาทอม
"ฟิลม์, ฟลิม, ฟิมล์, ฟิม์ล",ฟิล์ม
ฟิว,ฟิวส์
ฟิว,ฟีล
ฟิล,ฟีล
"ฟุทบอล,ฟุดบอล",ฟุตบอล
ฟูลสแกป,ฟุลสแก๊ป
เฟสบุ๊ก,เฟซบุ๊ก
เฟิร์น,เฟิน
แฟชัน,แฟชั่น
"ไฟแชค, ไฟแช็ค",ไฟแช็ก
ภคิณี,ภคินี
พวังศ์,ภวังค์
พันธารักษ์,ภัณฑารักษ์
ภาคฑัณฑ์,ภาคทัณฑ์
พากพูม,ภาคภูมิ
ภาพยนต์,ภาพยนตร์
"ภาวะการณ์, ภาวะการ",ภาวการณ์
ภาวะวิสัย,ภาววิสัย
พุชงค์,ภุชงค์
ภูติผี,ภูตผี
ภูมลำเนา,ภูมิลำเนา
"พูมใจ, ภูมใจ",ภูมิใจ
เพตรา,เภตรา
"มกุฏราชกุมาร,มงกุฎราชกุมาร",มกุฎราชกุมาร
มงกุฏ,มงกุฎ
"มนฑป, มณทป",มณฑป
"มนเฑียร, มณเฑียร",มนเทียร
มรกด,มรกต
มรณะภาพ,มรณภาพ
มรึตยู,มฤตยู
มนทิน,มลทิน
มะลังมะเลือง,มลังเมลือง
"มหรรนพ, มหันนพ",มหรรณพ
มหรศพ,มหรสพ
มหรรศจรรย์,มหัศจรรย์
"มหาสาน, มหาศาน, มหาสาล",มหาศาล
มหาหิงค์,มหาหิงคุ์
"มหะหมัด, มะหะมัด",มะหะหมัด
"มัคคุเทศ, มัคคุเทศน์",มัคคุเทศก์
"มัคทายก, มรรคทายก","มัคนายก, มรรคนายก"
"มันทนศิลป์, มันฑณศิลป์",มัณฑนศิลป์
มัธยัสต์,มัธยัสถ์
มัสยา,"มัศยา, มัตสยา"
มัสตาด,มัสตาร์ด
มัสหมั่น,มัสมั่น
มาตราการ,มาตรการ
มาตราฐาน,มาตรฐาน
มนุษยวิทยา,มานุษยวิทยา
เมิง,มึง
"มืดมนต์, มืดมล",มืดมน
มุขตลก,มุกตลก
มเหศักดิ์,มเหสักข์
เมหสี,มเหสี
มไหสวรรค์,มไหศวรรย์
หม้อฮ่อม,"ม่อห้อม, ม่อฮ่อม, หม้อห้อม"
มะเหมี่ยว,ม่าเหมี่ยว
แมลงมุม,แมงมุม
แมงดา,แมลงดา
"แมลงพู่, แมงภู่",แมลงภู่
แมงวัน,แมลงวัน
"แมลงสาป, แมงสาบ, แมงสาป",แมลงสาบ
ไมยราพ,ไมยราบ
ไมยราพ,"ไมยราพณ์, มัยราพณ์"
"ไมร์, ไมค์",ไมล์
ยศฐาบรรดาศักดิ์,ยศถาบรรดาศักดิ์
"ยานัตถ์, ยานัด",ยานัตถุ์
ยาเกล็ด,ยาเกร็ด
จีราฟ,ยีราฟ
ย่อมเยาว์,ย่อมเยา
เยอรมันนี,เยอรมนี
เยาวัย,เยาว์วัย
เยื่อไย,เยื่อใย
ไยแมงมุม,ใยแมงมุม
ใย,ไย
ใยดี,ไยดี
ใยไพ,ไยไพ
รกชัฎ,รกชัฏ
รนรงค์,รณรงค์
รถยนตร์,รถยนต์
"รมนีย์, รมณี",รมณีย์
รสชาด,รสชาติ
ระบบนิเวศน์,ระบบนิเวศ
ระเบงเซ็งแซ่,ระเบ็งเซ็งแซ่
"รเห็จ, เรห็จ",ระเห็จ
รักษาการณ์,รักษาการ
รักษาการ,รักษาการณ์
รังควาญ,รังควาน
"รังษี, รังศี",รังสี
"รังเกลียด, รังเกียด",รังเกียจ
ราชการ,รัชกาล
ราชกาล,รัชกาล
"รัญจวญ, รัญจวณ",รัญจวน
รัฐวิสาหะกิจ,รัฐวิสาหกิจ
"รัสมี, รัษมี",รัศมี
รากเง่า,รากเหง้า
ราชภัฎ,ราชภัฏ
ราชันย์,ราชัน
ลาดหน้า,ราดหน้า
ราพนาสูร,ราพณาสูร
"รำคราญ, รำคาน",รำคาญ
ริ้บบิ้น,ริบบิ้น
รื่นรมณ์,รื่นรมย์
ร่อยหลอ,ร่อยหรอ
ร้องให้,ร้องไห้
เรี่ยราย,เรี่ยไร
แร็กเก็ต,แร็กเกต
โรงธารกำนัล,โรงธารคำนัล
โรมันคาธอลิค,โรมันคาทอลิก
"ลัดดาวัลย์, ลดาวัณย์",ลดาวัลย์
ลมปราน,ลมปราณ
ลมหวล,ลมหวน
ลองใน,ลองไน
ละคอน,ละคร
ลเมียดลไม,ละเมียดละไม
"ลเอียดลออ, ละเอียดละออ",ละเอียดลออ
"ลโมบ,ละโมภ",ละโมบ
"ลักเพท, ลักเพส",ลักเพศ
รังถึง,ลังถึง
ลาดตระเวณ,ลาดตระเวน
ราดยาง,ลาดยาง
ลายเซ็นต์,ลายเซ็น
ลาวัลย์,ลาวัณย์
ลำใย,ลำไย
ลำใส้,ลำไส้
ริดรอนสิทธิ์,ลิดรอนสิทธิ์
ลิปสติค,ลิปสติก
"ลิปต์, ลิฟ, ลิฟท์",ลิฟต์
ฦๅชา,ลือชา
ลุกลี้ลุกรน,ลุกลี้ลุกลน
ลูกนิมิตร,ลูกนิมิต
ลูกบาศ,ลูกบาศก์
ลูกเกตุ,ลูกเกด
ล้อก,ล็อก
ล็อกเก็ต,ล็อกเกต
เรย,เลย
เลือกสรรค์,เลือกสรร
เลือดกลบปาก,เลือดกบปาก
เล่นพิเรนท์,เล่น พิเรนทร์
เล่นมุข,เล่นมุก
เล่กระเท่,เล่ห์กระเท่ห์
โลกาภิวัฒน์,โลกาภิวัตน์
โล่ห์,โล่
"ไล่เรียง, ไร่เรียง, ไร่เลียง",ไล่เลียง
วงษ์วาน,วงศ์วาน
วักซีน,วัคซีน
"วันโรค, วรรณโรค",วัณโรค
วันทยาหัตถ์,วันทยหัตถ์
วันทยวุธ,วันทยาวุธ
วางกล้าม,วางก้าม
วาทะกรรม,วาทกรรม
วายชน,วายชนม์
วาระดิถี,วารดิถี
วาล,วาฬ
วิญญาน,วิญญาณ
"วิตถาน, วิตถาล",วิตถาร
"วิตตามิน, วิตะมิน",วิตามิน
วินาฑี,วินาที
วินาศะกรรม,วินาศกรรม
วิหารคต,วิหารคด
วิ่งผัด,วิ่งผลัด
วิ่งเปรี้ยว,วิ่งเปี้ยว
วีดีโอคลอ,วีดีโอคอล
วีดีโอคอ,วีดีโอคอล
"เวทย์มนตร์, เวทมนต์",เวทมนตร์
เวรคืน,เวนคืน
เวียตนาม,เวียดนาม
เว็บไซท์,เว็บไซต์
แว๊บ,แว็บ
แว้บ,แว็บ
ไวยกรณ์,ไวยากรณ์
ศัทธา,"ศรัทธา, สัทธา"
"สสิธร, ศศิทร",ศศิธร
ศักดิ์,ศักย์
"สัตรู, ศตรู",ศัตรู
ศัพย์,ศัพท์
ศิลปะกรรม,ศิลปกรรม
ศิลปะวัฒนธรรม,ศิลปวัฒนธรรม
ศิลปะวัตถุ,ศิลปวัตถุ
ศิลป,"ศิลป์, ศิลปะ"
ศิวิไล,ศิวิไลซ์
ศรีษะ,ศีรษะ
"ศึกษานิเทศ, ศึกษานิเทศน์",ศึกษานิเทศก์
"โศกะนาฏกรรม, โศกนาฎกรรม",โศกนาฏกรรม
"โสกศัลย์, โศกสันต์",โศกศัลย์
โสกเศร้า,โศกเศร้า
"ไสล, ศไล",ไศล
สะกัด,สกัด
สะกาว,สกาว
"สงกานต์, สงกรานตร์",สงกรานต์
สะดับ,สดับ
"สถานการ, สถานะการณ์",สถานการณ์
สถิตย์,สถิต
สงวนราคา,สนนราคา
สะบง,สบง
สะบาย,สบาย
สะบู่,สบู่
สมดุลย์,สมดุล
สมบูร,สมบูรณ์
สมบูณร์,สมบูรณ์
สมมุดติฐาน,สมมติฐาน
"สมเพท, สมเพศ, สมเพส",สมเพช
"สมโพด, สมโพธ",สมโพธิ
สรรค์หา,สรรหา
สรรเพชร,สรรเพชญ
สรรค์แสร้ง,สรรแสร้ง
สวงสวรรค์,สรวงสวรรค์
สร้างสรร,สร้างสรรค์
สวรรณคต,สวรรคต
สอบเชาว์,สอบเชาวน์
สกด,สะกด
สกิด,สะกิด
สคราญ,สะคราญ
สดวก,สะดวก
สบัด,สะบัด
สะพึงกลัว,สะพรึงกลัว
สพาน,สะพาน
สอาด,สะอาด
"สะเหร่อ, เสล่อ",สะเหล่อ
สักการะบูชา,สักการบูชา
ซักครู่,สักครู่
สังวรณ์,สังวร
สังวาลย์,สังวาล
สังสรร,สังสรรค์
สังเกตุ,สังเกต
สังเขบ,สังเขป
"สัญลักษ์, สัญญลักษณ์",สัญลักษณ์
"สันฐาน, สันฐาณ, สัณฐาณ",สัณฐาน
สัณดาป,สันดาป
"สันนิฐาน, -ฐาณ",สันนิษฐาน
สัญโดษ,สันโดษ
สัปลับ,สับปลับ
"สัปรด, สัปปะรด, สับปะรส",สับปะรด
"สับดา,สัปดา",สัปดาห์
"สัพเหร่อ, สัปปะเหร่อ",สัปเหร่อ
สรรพยอก,สัพยอก
"สัมภาษ, สัมภาสน์",สัมภาษณ์
"สัมนา, สำมะนา",สัมมนา
สาธร,สาทร
สาธารณะชน,สาธารณชน
สาธารณะประโยชน์,สาธารณประโยชน์
สาธารณะสถาน,สาธารณสถาน
สาธารณะสุข,สาธารณสุข
สาปสูญ,สาบสูญ
สาบาญ,สาบาน
สาบสรร,สาปสรร
สาบแช่ง,สาปแช่ง
สามเศร้า,สามเส้า
สายสิญจ์,สายสิญจน์
สาระประโยชน์,สารประโยชน์
"สาระพี, สารพี",สารภี
สารสำคัญ,สาระสำคัญ
สารัตถะประโยชน์,สารัตถประโยชน์
สารัตถสำคัญ,สารัตถะสำคัญ
สำอางค์,สำอาง
สิงห์โต,สิงโต
"สิทธ, สิทธ์","สิทธิ, สิทธิ์"
"สีสวาท, สีสวาส",สีสวาด
"สีสรร, สีสรรค์",สีสัน
สุกี้ยากี้,สุกียากี้
สุขสรร,สุขสันต์
สุขคติ,สุคติ
สูญญากาศ,สุญญากาศ
สูติบัตร,สูจิบัตร
สูจิบัตร,สูติบัตร
แสกน,สแกน
"สะไบ, ไสบ",สไบ
ส่วนด้ายส่วนเสีย,ส่วนได้ส่วนเสีย
"สะเบียง, สเบียง",เสบียง
เสพย์,เสพ
"เสล่อ, สะเหร่อ",เสร่อ
"เสริฟ, เสริฟ์",เสิร์ฟ
"เสื้อกาว, เสื้อกาวด์",เสื้อกาวน์
เสื้อเชิ๊ต,เสื้อเชิ้ต
โสรส,โสฬส
ใส้,ไส้
"หกคเมน, หกคะเมร",หกคะเมน
หงษ์,หงส์
หง่อยเหงา,หงอยเหงา
หยิง,หญิง
แน่นหนา,หนาแน่น
หนอยแน่,หน็อยแน่
หน้าปัทม์นาฬิกา,หน้าปัดนาฬิกา
หมาหมุ้ย,"หมามุ่ย, หมามุ้ย"
หมาไน,หมาใน
หมูหยอง,หมูหย็อง
หม้อฮ่อม,"หม้อห้อม, ม่อห้อม, ม่อฮ่อม"
"หยากใย่, หยักใย่","หยากไย่, หยักไย่"
"หยิบย่ง, หยิบโย่ง",หยิบหย่ง
อย่าร้าง,หย่าร้าง
หัวมงกุฎท้ายมังกร,หัวมังกุท้ายมังกร
หัวเหน่า,หัวหน่าว
ห่วงไย,ห่วงใย
"เหตุการ, เหตการ",เหตุการณ์
เหม็นสาป,เหม็นสาบ
เหล็กไน,เหล็กใน
เหิร,เหิน
"แหลกราญ, แหลกราน",แหลกลาญ
โหยหวล,โหยหวน
"โหรพา, โหระภา",โหระพา
ไหลตาย,ใหลตาย
ให้อนุญาติ,ให้อนุญาต
"มั๊ย, ไม๊",ไหม
ใหหลำ,ไหหลำ
องคชาติ,องคชาต
องคุลีมาร,องคุลีมาล
"อธิฐาน, -ฐาณ","อธิษฐาน, อธิฏฐาน"
อนาจ,อนาถ
อนาธร,อนาทร
อนุกาชาติ,อนุกาชาด
อนุญาติ,อนุญาต
อนุมัต,อนุมัติ
"อนุเสาวรีย์, อณุสาวรีย์",อนุสาวรีย์
อภิรมณ์,อภิรมย์
อภิเสก,อภิเษก
"อัมตะ, อำมตะ","อมต, อมตะ"
อัมรินทร์,อมรินทร์
อัมฤต,"อมฤต, อำมฤต"
อริยสัจจ์,อริยสัจ
"อริยเมตตรัย, อริยเมตไตร",อริยเมตไตรย
อะหลักอะเหลื่อ,อลักเอลื่อ
อลังการ์,อลังการ
"อวสาณ, อวสานต์",อวสาน
อสงขัย,อสงไขย
อหังการ,อหังการ์
อะหิวาตกโรค,อหิวาตกโรค
"อ็อฟ-, -ฟิซ, -ฟิส, -ฟิต",ออฟฟิศ
"อพาร์ตเมนต์, อพาร์ทเมนท์, อพาร์ทเมนต์, อพาร์ตเม้นต์",อะพาร์ตเมนต์
อัลฟาทอกซิน,อะฟลาทอกซิน
"อะลุ่มอะล่วย, อลุ่มอล่วย","อะลุ่มอล่วย, อะลุ้มอล่วย"
อะหลั่ย,อะไหล่
อักขระวิธี,อักขรวิธี
"อักศร, อักสร",อักษร
อัญชัญ,อัญชัน
อัธจันทร์,อัฒจันทร์
อัตคัต,อัตคัด
อัตตะนัย,อัตนัย
"อัทยาศัย, อัธยาษัย",อัธยาศัย
อัพเดท,อัปเดต
อัปเดท,อัปเดต
อัพเดต,อัปเดต
อัพโหลด,อัปโหลด
อัมพาส,อัมพาต
อากาส,อากาศ
อาฆาตมาตร้าย,อาฆาตมาดร้าย
อานิสงฆ์,อานิสงส์
อารมย์,อารมณ์
อาระวาด,อาละวาด
อาวร,อาวรณ์
อาสสงฆ์,อาสน์สงฆ์
อาเจียร,อาเจียน
"อาเพส, อาเภส",อาเพศ
อำนาจบาทใหญ่,อำนาจบาตรใหญ่
อัมหิต,อำมหิต
"อินธนู, อินทร์ธนู",อินทรธนู
"อินทรีย์ (นกอินทรีย์, ปลาอินทรีย์)","อินทรี (นกอินทรี, ปลาอินทรี)"
"อินทรีวัตถุ, อินทรีย์วัตถุ",อินทรียวัตถุ
"อินฟาเรด, อินฟาร์เรด",อินฟราเรด
อินเตอร์เน็ต,อินเทอร์เน็ต
อิริยาบท,อิริยาบถ
อิสระภาพ,อิสรภาพ
อิสระเสรี,อิสรเสรี
"อิสาน, -สาณ",อีสาน
อีเมล์,อีเมล
อุกาบาต,อุกกาบาต
อุกฤติ,อุกฤษฏ์
อุดมการ,อุดมการณ์
"อุตสาห์, อุดส่า",อุตส่าห์
อุธรณ์,อุทธรณ์
อุทรณ์,อุทร
"อุธาหรณ์, อุทาหร",อุทาหรณ์
อุบาท,อุบาทว์
อุปการะคุณ,อุปการคุณ
"อุปถัมธ์, อุปถัมน์",อุปถัมภ์
"อุปัชฌา, อุปัชชา",อุปัชฌาย์
อุปโลก,อุปโลกน์
อุโมง,อุโมงค์
เอนก,อเนก
อเนถอนาถ,อเนจอนาถ
"เอกฉัน, เอกะฉันท์",เอกฉันท์
เอกขเนก,เอกเขนก
เอ็นโดรฟิน,เอ็นดอร์ฟิน
"แอพพลิเคชัน, แอพพลิเคชั่น, แอปพลิเคชั่น",แอปพลิเคชัน
แอร์โรบิก,แอโรบิก
โอกาศ,โอกาส
"ไอศครีม, ไอติม",ไอศกรีม
"หอยจ๊อ, ห้อยจ๊อ, -จ้อ",ฮ่อยจ๊อ
"เฮโลโหระพา, เฮละโลโหระพา","เฮโลสาระพา, เฮละโลสาระพา"
